machine,date,time
sftp3,2025-05-11,16:10:00
sftp1,2025-05-11,16:10:00
sftp2,2025-05-11,16:10:00
sftp3,2025-05-11,16:15:00
sftp1,2025-05-11,16:15:00
sftp2,2025-05-11,16:15:00
sftp3,2025-05-11,16:20:00
sftp1,2025-05-11,16:20:00
sftp2,2025-05-11,16:20:00
sftp3,2025-05-11,16:25:00
sftp1,2025-05-11,16:25:00
sftp3,2025-05-11,16:30:00
sftp1,2025-05-11,16:30:00
sftp3,2025-05-11,16:35:00
sftp1,2025-05-11,16:35:00
sftp2,2025-05-11,16:35:00
sftp3,2025-05-11,16:40:00
sftp2,2025-05-11,16:37:48
sftp2,2025-05-11,16:39:53
sftp2,2025-05-11,16:40:00
sftp3,2025-05-11,16:45:00
sftp1,2025-05-11,16:40:00
sftp2,2025-05-11,16:45:00
sftp3,2025-05-11,16:50:00
sftp1,2025-05-11,16:45:00
sftp3,2025-05-11,16:55:00
sftp1,2025-05-11,16:50:00
sftp2,2025-05-11,16:50:00
sftp3,2025-05-11,17:00:00
sftp1,2025-05-11,16:55:00
sftp2,2025-05-11,16:55:00
sftp3,2025-05-11,17:05:00
sftp1,2025-05-11,17:00:00
sftp2,2025-05-11,17:00:00
sftp3,2025-05-11,17:15:00
sftp1,2025-05-11,17:05:00
sftp1,2025-05-11,17:15:00
sftp2,2025-05-11,17:05:00
sftp2,2025-05-11,17:15:00
sftp3,2025-05-11,17:20:00
sftp1,2025-05-11,17:20:00
sftp2,2025-05-11,17:20:00
sftp3,2025-05-11,17:25:00
sftp1,2025-05-11,17:25:00
sftp3,2025-05-11,17:30:00
sftp1,2025-05-11,17:30:00
sftp2,2025-05-11,17:25:00
sftp3,2025-05-11,17:50:00
sftp1,2025-05-11,17:50:00
sftp2,2025-05-11,17:30:00
sftp2,2025-05-11,17:50:00
sftp3,2025-05-11,17:55:00
sftp1,2025-05-11,17:55:00
sftp2,2025-05-11,17:55:00
sftp3,2025-05-11,18:00:00
sftp1,2025-05-11,18:00:00
sftp2,2025-05-11,18:00:00
sftp3,2025-05-11,18:05:00
sftp1,2025-05-11,18:05:00
sftp2,2025-05-11,18:05:00
sftp3,2025-05-11,18:10:00
sftp1,2025-05-11,18:10:00
sftp2,2025-05-11,18:10:00
sftp3,2025-05-11,18:15:00
sftp1,2025-05-11,18:15:00
sftp2,2025-05-11,18:15:00
sftp3,2025-05-11,18:20:00
sftp2,2025-05-11,18:20:00
sftp3,2025-05-11,18:25:00
sftp2,2025-05-11,18:25:00
sftp3,2025-05-11,18:30:00
sftp2,2025-05-11,18:30:01
sftp3,2025-05-11,18:35:00
sftp2,2025-05-11,18:35:00
sftp3,2025-05-11,18:40:00
sftp1,2025-05-11,18:40:00
sftp2,2025-05-11,18:40:00
sftp3,2025-05-11,18:45:00
sftp1,2025-05-11,18:45:00
sftp2,2025-05-11,18:45:00
sftp3,2025-05-11,18:50:00
sftp1,2025-05-11,18:50:00
sftp2,2025-05-11,18:50:00
sftp3,2025-05-11,18:57:30
sftp3,2025-05-11,19:00:00
sftp1,2025-05-11,18:57:30
sftp2,2025-05-11,18:57:30
sftp3,2025-05-11,19:05:00
sftp1,2025-05-11,19:00:00
sftp2,2025-05-11,19:00:00
sftp3,2025-05-11,19:10:00
sftp1,2025-05-11,19:05:00
sftp2,2025-05-11,19:05:00
sftp3,2025-05-11,19:15:00
sftp1,2025-05-11,19:10:00
sftp2,2025-05-11,19:10:00
sftp3,2025-05-11,19:20:00
sftp1,2025-05-11,19:15:00
sftp2,2025-05-11,19:15:00
sftp3,2025-05-12,06:45:00
sftp1,2025-05-11,19:20:00
sftp2,2025-05-11,19:20:00
sftp3,2025-05-12,06:50:00
sftp1,2025-05-12,06:45:00
sftp2,2025-05-12,06:45:00
sftp3,2025-05-12,06:55:00
sftp1,2025-05-12,06:50:00
sftp2,2025-05-12,06:50:00
sftp3,2025-05-12,07:00:00
sftp1,2025-05-12,06:55:00
sftp2,2025-05-12,06:55:00
sftp3,2025-05-12,07:05:00
sftp1,2025-05-12,07:00:00
sftp2,2025-05-12,07:00:00
sftp3,2025-05-12,07:10:00
sftp1,2025-05-12,07:05:00
sftp2,2025-05-12,07:05:00
sftp3,2025-05-12,07:15:00
sftp1,2025-05-12,07:10:01
sftp2,2025-05-12,07:10:00
sftp3,2025-05-12,07:20:00
sftp1,2025-05-12,07:15:01
sftp1,2025-05-12,07:20:00
sftp2,2025-05-12,07:15:00
sftp3,2025-05-12,07:25:00
sftp1,2025-05-12,07:25:00
sftp2,2025-05-12,07:20:00
